invoice_no,carrier_name,invoice_date,pdf_path,receipt_path
INV-20260901-001,대한통운물류,2026-08-31,invoices_pdf/INV-20260901-001.pdf,receipts_jpg/RCP-20260901-001.jpg
INV-20260901-002,한진로지스,2026-08-31,invoices_pdf/INV-20260901-002.pdf,receipts_jpg/RCP-20260901-002.jpg
INV-20260901-003,동부특송,2026-08-31,invoices_pdf/INV-20260901-003.pdf,receipts_jpg/RCP-20260901-003.jpg
INV-20260901-004,세방특송,2026-08-31,invoices_pdf/INV-20260901-004.pdf,receipts_jpg/RCP-20260901-004.jpg
INV-20260901-005,삼영익스프레스,2026-08-31,invoices_pdf/INV-20260901-005.pdf,receipts_jpg/RCP-20260901-005.jpg
INV-20260901-006,대한통운물류,2026-08-31,invoices_pdf/INV-20260901-006.pdf,receipts_jpg/RCP-20260901-006.jpg
INV-20260901-007,한진로지스,2026-08-31,invoices_pdf/INV-20260901-007.pdf,receipts_jpg/RCP-20260901-007.jpg
INV-20260901-008,동부특송,2026-08-31,invoices_pdf/INV-20260901-008.pdf,receipts_jpg/RCP-20260901-008.jpg
INV-20260901-009,세방특송,2026-08-31,invoices_pdf/INV-20260901-009.pdf,receipts_jpg/RCP-20260901-009.jpg
INV-20260901-010,삼영익스프레스,2026-08-31,invoices_pdf/INV-20260901-010.pdf,receipts_jpg/RCP-20260901-010.jpg
INV-20260901-011,대한통운물류,2026-08-31,invoices_pdf/INV-20260901-011.pdf,receipts_jpg/RCP-20260901-011.jpg
INV-20260901-012,한진로지스,2026-08-31,invoices_pdf/INV-20260901-012.pdf,receipts_jpg/RCP-20260901-012.jpg
INV-20260901-013,동부특송,2026-08-31,invoices_pdf/INV-20260901-013.pdf,receipts_jpg/RCP-20260901-013.jpg
INV-20260901-014,세방특송,2026-08-31,invoices_pdf/INV-20260901-014.pdf,receipts_jpg/RCP-20260901-014.jpg
INV-20260901-015,삼영익스프레스,2026-08-31,invoices_pdf/INV-20260901-015.pdf,receipts_jpg/RCP-20260901-015.jpg
INV-20260901-016,대한통운물류,2026-08-31,invoices_pdf/INV-20260901-016.pdf,receipts_jpg/RCP-20260901-016.jpg
INV-20260901-017,한진로지스,2026-08-31,invoices_pdf/INV-20260901-017.pdf,receipts_jpg/RCP-20260901-017.jpg
INV-20260901-018,동부특송,2026-08-31,invoices_pdf/INV-20260901-018.pdf,receipts_jpg/RCP-20260901-018.jpg
INV-20260901-019,세방특송,2026-08-31,invoices_pdf/INV-20260901-019.pdf,receipts_jpg/RCP-20260901-019.jpg
INV-20260901-020,삼영익스프레스,2026-08-31,invoices_pdf/INV-20260901-020.pdf,receipts_jpg/RCP-20260901-020.jpg
INV-20260901-021,대한통운물류,2026-08-31,invoices_pdf/INV-20260901-021.pdf,receipts_jpg/RCP-20260901-021.jpg
INV-20260901-022,한진로지스,2026-08-31,invoices_pdf/INV-20260901-022.pdf,receipts_jpg/RCP-20260901-022.jpg
INV-20260901-023,동부특송,2026-08-31,invoices_pdf/INV-20260901-023.pdf,receipts_jpg/RCP-20260901-023.jpg
INV-20260901-024,세방특송,2026-08-31,invoices_pdf/INV-20260901-024.pdf,receipts_jpg/RCP-20260901-024.jpg
INV-20260901-025,삼영익스프레스,2026-08-31,invoices_pdf/INV-20260901-025.pdf,receipts_jpg/RCP-20260901-025.jpg
INV-20260901-026,대한통운물류,2026-08-31,invoices_pdf/INV-20260901-026.pdf,receipts_jpg/RCP-20260901-026.jpg
INV-20260901-027,한진로지스,2026-08-31,invoices_pdf/INV-20260901-027.pdf,receipts_jpg/RCP-20260901-027.jpg
INV-20260901-028,동부특송,2026-08-31,invoices_pdf/INV-20260901-028.pdf,receipts_jpg/RCP-20260901-028.jpg
INV-20260901-029,세방특송,2026-08-31,invoices_pdf/INV-20260901-029.pdf,receipts_jpg/RCP-20260901-029.jpg
INV-20260901-030,삼영익스프레스,2026-08-31,invoices_pdf/INV-20260901-030.pdf,receipts_jpg/RCP-20260901-030.jpg
INV-20260901-031,대한통운물류,2026-08-31,invoices_pdf/INV-20260901-031.pdf,receipts_jpg/RCP-20260901-031.jpg
INV-20260901-032,한진로지스,2026-08-31,invoices_pdf/INV-20260901-032.pdf,receipts_jpg/RCP-20260901-032.jpg
INV-20260901-033,동부특송,2026-08-31,invoices_pdf/INV-20260901-033.pdf,receipts_jpg/RCP-20260901-033.jpg
INV-20260901-034,세방특송,2026-08-31,invoices_pdf/INV-20260901-034.pdf,receipts_jpg/RCP-20260901-034.jpg
INV-20260901-035,삼영익스프레스,2026-08-31,invoices_pdf/INV-20260901-035.pdf,receipts_jpg/RCP-20260901-035.jpg
INV-20260901-036,대한통운물류,2026-08-31,invoices_pdf/INV-20260901-036.pdf,receipts_jpg/RCP-20260901-036.jpg
INV-20260901-037,한진로지스,2026-08-31,invoices_pdf/INV-20260901-037.pdf,receipts_jpg/RCP-20260901-037.jpg
INV-20260901-038,동부특송,2026-08-31,invoices_pdf/INV-20260901-038.pdf,receipts_jpg/RCP-20260901-038.jpg
INV-20260901-039,세방특송,2026-08-31,invoices_pdf/INV-20260901-039.pdf,receipts_jpg/RCP-20260901-039.jpg
INV-20260901-040,삼영익스프레스,2026-08-31,invoices_pdf/INV-20260901-040.pdf,receipts_jpg/RCP-20260901-040.jpg
